,Fires..age.adjusted.mortality.per.100.000,Drownings..age.adjusted.mortality.per.100.000,Poisonings..age.adjusted.mortality.per.100.000,Falls..age.adjusted.mortality.per.100.000,Total.Cholesterol(F)..mmol.L.,Total.Cholesterol(M)..mmol.L.,Average.Systolic.BP(F)..mm.Hg.,Average.Systolic.BP(M)..mm.Hg.,Female.BMI,Male.BMI,General.government.expenditure.on.health.as.percentage.of.total.government.expenditure,Total.expenditure.on.health.as.percentage.of.GDP..gross.domestic.product.,Per.capita.total.expenditure.on.health.at.average.exchange.rate..US..,Per.capita.total.expenditure.on.health..PPP.int....,One.year.olds.immunized.with.MCV....,One.year.olds.immunized.with.three.doses.of.diphtheria.tetanus.toxoid.and.pertussis..DTP3.....
Afghanistan,5.460642,8.894667,5.220776,6.331071,4.29517,4.171098,124.2085,124.7101,20.65274,20.59848,1.47488739,5.7,14.81829282,22.11455733,35,36
Albania,0.2715491,1.223273,1.288356,0.788038,4.918646,4.905689,129.0609,132.4619,25.27082,25.77167,7.32178131,6.3,90.26431823,303.1146674,96,98
Algeria,4.535572,3.803705,4.214998,4.422987,4.848951,4.711596,130.4024,129.4057,25.69948,23.95294,8.73760033,3.9,69.92465684,225.208426,81,86
Andorra,0.2548407,0.7054017,2.593317,2.160558,5.52906,5.636606,124.6455,132.5272,26.19542,27.02525,19.99027288,7,1485.790128,2152.617156,98,97
Angola,9.622183,19.18674,12.89118,7.728636,4.499115,4.325346,129.9282,132.5976,22.26093,21.51765,3.7356871,2.4,18.14977445,63.35772644,74,47
Antigua and Barbuda,0.4155295,3.499865,0.7010223,0,4.934998,4.782971,125.089,131.6967,26.76278,25.13039,8.81995744,4.6,409.5641097,595.2926781,99,98
Argentina,1.20581,2.503394,0.5060582,0.9156841,5.143871,5.087207,119.6538,126.8933,26.7046,26.99882,15.26244835,8.3,225.3570651,657.9836689,96,92
Armenia,1.747288,2.312726,2.524592,1.389538,4.795259,4.659803,132.632,133.86,26.33638,24.37698,6.18669092,5.4,41.9923427,142.4950323,91,94
Australia,0.4389411,1.250547,4.185172,2.145666,5.326858,5.30059,120.5113,129.7888,26.25957,26.93858,16.27221468,8.4,1846.880949,2543.450068,93,92
Austria,0.4650016,0.9030446,0.9908046,6.149815,5.381785,5.436879,125.8685,132.3738,24.83051,25.99583,15.01314532,10,2577.451078,3057.574228,78,83
Azerbaijan,4.98544,0.4922847,1.246602,0.3272918,4.660952,4.507827,128.4553,131.2551,26.53823,24.66021,5.15132003,4.5,33.63898826,121.0512236,66,75
Bahamas,2.632014,7.378496,0.658244,2.636469,5.216408,5.074367,125.3891,131.779,28.44201,26.51184,14.64254953,6.1,1180.504297,1503.198506,94,94
Bahrain,0,0.7915528,0.0912854,0.922175,5.204952,5.094296,132.4395,130.6395,27.96036,26.94923,9.467871,4.4,580.1613452,1027.051794,99,98
Bangladesh,12.55292,6.269516,7.232305,11.54749,4.400593,4.316104,124.5601,125.2913,19.72414,20.18621,8.2264843,3.1,502.7477099,10.87360205,65,83
Barbados,0.2786933,3.250342,0,1.952743,4.953912,4.764686,126.5221,129.6404,28.58496,25.77615,12.36720458,7.3,670.9496459,925.4477874,91,87
Belarus,7.009493,16.80746,35.11995,6.217752,5.147683,5.06148,129.7948,135.3698,26.12336,25.4016,9.82995307,6.5,94.77788686,388.3093622,99,99
Belgium,0.7817637,0.5869388,1.37417,5.611277,5.454941,5.53207,124.8811,130.4967,25.12181,26.30602,12.54563255,8.5,2070.855227,2543.14048,82,95
Belize,0,6.4369,0,2.722101,4.756145,4.53939,120.4714,126.2603,28.87468,26.30847,7.39083403,4.4,154.9164476,236.9790148,88,89
Benin,6.434937,7.249941,6.832122,5.192746,4.29748,4.025734,129.6162,131.5012,23.14637,21.95309,9.67272226,4.3,17.29773751,53.03333129,66,75
Bhutan,14.75865,6.63132,9.06007,13.41168,4.502559,4.483721,125.0388,126.3632,22.16199,22.33607,17.12130357,8.3,69.86387534,228.2907416,78,86
Bolivia,1.481776,6.402012,1.055268,0.6592804,4.745852,4.606631,122.9154,127.0869,26.1348,24.08033,11.22315494,6.5,59.69686121,214.8080641,91,77
Bosnia and Herzegovina,0.5372866,5.764493,0.5308095,0.3968507,4.759707,4.681182,133.1459,132.0737,25.96649,25.8431,10.55080675,7,124.5030884,351.1755799,89,80
Botswana,3.852041,7.095198,5.670695,3.313356,4.72277,4.588541,132.4681,132.6175,25.52204,21.31605,10.58251001,6.1,204.155825,583.3975583,92,97
Brazil,0.9061288,4.259397,0.213433,4.782853,4.899372,4.875647,125.8598,130.9997,25.36366,24.97064,5.00335636,7.2,203.0893158,530.3793326,95,99
Brunei,1.103618,5.07066,1.060196,2.760267,5.14031,5.153958,123.2886,129.1753,22.95992,23.93406,5.60336954,4.3,533.159322,1425.206486,99,94
Bulgaria,1.238858,2.200045,1.629415,2.833619,5.095784,5.047228,129.3342,133.827,25.24871,25.95657,11.74209765,7.6,153.979038,574.6958137,92,93
Burkina Faso,7.659241,9.378786,9.017749,6.027211,4.127278,3.881176,129.2223,129.6161,21.12089,20.81927,11.93697709,5,12.6621784,42.16514503,64,69
Burundi,4.981118,11.82111,7.982444,3.886196,4.170466,3.954383,131.8824,132.3927,20.81771,21.31762,8.2337948,7,6.59199465,23.22514139,77,81
Cambodia,0.6441132,7.805635,0.7264,5.588905,4.443956,4.298664,117.6568,122.5021,21.08197,20.36407,11.15885278,7.5,25.02700655,79.84893183,52,54
Cameroon,6.640471,7.36117,7.053218,5.41176,4.359665,4.053227,125.9758,129.2626,23.99221,23.07282,7.94243133,4.9,32.21794315,86.16057126,53,66
Canada,0.6815603,0.933789,2.530718,3.087231,5.263165,5.210621,120.5054,126.0435,26.29888,27.12542,16.1864389,9.6,2249.068799,2871.074975,95,93
Cape Verde,1.739057,0.9686725,0.438373,1.47547,4.441919,4.23046,132.6137,135.7461,24.05403,22.71017,10.97760346,5,68.62929321,111.0967915,89,91
Chad,6.745008,8.076636,7.46593,5.42399,4.14814,3.86886,126.8861,129.9808,21.18393,20.96196,11.9595709,8,18.02517262,62.44572376,25,25
Chile,1.835357,3.225192,1.038432,2.16193,5.088821,5.019424,126.4672,132.2429,27.13405,26.36532,15.01218648,8.4,358.5860816,834.5581293,95,97
China,1.074561,9.386707,5.510108,8.447947,4.451926,4.384617,123.3793,125.8521,22.67688,22.61654,9.40812401,4.8,54.09233591,136.3994582,85,86
Colombia,0.5612715,3.103212,0.3163452,4.180001,5.016418,4.866063,123.3725,126.9059,25.88257,24.32036,18.97610343,7.3,174.8136712,449.0422369,93,81
Comoros,3.916026,3.869431,3.70089,3.404397,4.379765,4.217265,130.3333,132.1162,22.08826,21.79129,6.79407552,2.9,12.12543165,28.25254972,71,89
"Congo, Dem. Rep.",6.036192,17.31894,11.65109,4.815111,4.071017,3.791282,128.1466,130.6751,20.91397,19.83696,2.44139981,4.3,4.54407551,9.87603707,42,38
"Congo, Rep.",4.392453,10.17131,7.076365,3.709612,4.54941,4.304042,131.8192,133.4123,22.26737,21.47048,3.62473147,2.4,22.35925675,72.44692175,37,41
Costa Rica,0.1935318,4.226932,0.3832477,2.92673,4.884666,4.660567,121.6703,127.3645,26.29537,25.78377,22.21905494,7.7,316.3417106,573.8488137,94,94
Cote d'Ivoire,6.315687,16.71086,10.66167,5.341683,4.340296,4.078934,130.8075,133.0258,23.16914,22.15328,5.21357722,3.5,23.12727034,54.87882337,71,64
Croatia,0.8633497,2.215064,1.538751,7.306144,5.093568,5.023768,131.4386,135.5528,24.78217,26.03011,11.9742102,6.3,374.6882405,788.5646458,95,95
Cuba,0.6862583,2.653442,0.3206951,10.75212,4.708419,4.469863,125.4713,127.9879,25.73888,24.26055,11.1846544,6.5,194.7968231,171.570924,98,99
Cyprus,0.9647784,3.890298,0.1896975,0.4540549,5.262508,5.319263,124.5562,131.7244,25.63186,26.9245,6.88569557,6.1,885.8897118,1298.59421,86,98
Denmark,0.9470112,0.7514781,2.304068,12.70644,5.479227,5.620529,122.0758,131.0406,24.74319,25.52596,14.4507266,9.3,3018.616414,2870.453902,95,98
Djibouti,4.646749,8.38129,4.949175,6.021299,4.707457,4.666093,128.7091,131.3441,23.74615,22.77671,10.74951999,5.5,42.44570964,89.01301185,62,62
Dominica,0.7984221,9.893225,0.7849472,3.212226,4.865453,4.583246,130.1799,132.7415,28.09965,24.18375,9.09366475,6.5,238.3590211,398.1189068,99,98
Ecuador,1.436349,4.331627,2.388259,4.751126,4.837632,4.694382,123.7925,128.3746,26.55303,25.0947,9.72840577,5.5,107.4971837,295.113651,99,89
Egypt,0.7415208,4.095168,2.346999,2.60788,4.839036,4.584205,125.4958,125.3848,29.20828,26.24082,7.6053337,6.1,73.60372934,235.3812899,97,97
El Salvador,0.8139411,4.976488,0.2590109,4.371328,4.708999,4.511311,119.8362,124.5702,26.8835,25.67399,11.23644823,7.7,183.3094699,378.6141165,93,81
Equatorial Guinea,6.740559,6.9761,6.832407,5.58201,4.695409,4.494813,132.0235,135.0702,23.19161,22.59892,26.89808271,3.8,145.4983493,545.5349704,51,33
Eritrea,4.224055,9.689598,6.616404,3.47787,4.252667,4.16645,123.9032,126.7503,20.60579,20.79514,3.93965523,4.4,7.46286692,26.8690954,83,90
Estonia,9.986769,9.421692,27.94069,8.242321,5.296804,5.181261,129.9921,137.4876,24.92251,25.45733,10.44820112,5.6,298.4120973,664.1763175,95,94
Ethiopia,4.576916,5.008823,5.052752,3.748736,4.203238,4.101121,123.9984,126.9703,20.1839,19.89855,10.15973132,4.7,5.30305343,23.9083838,30,30
Fiji,5.213152,6.576886,5.376029,0.0762395,4.99216,5.15566,127.0538,129.0269,28.05165,25.5515,9.11980353,3.5,78.05817904,129.5804258,85,93
Finland,0.7688337,2.370722,9.005546,10.74791,5.436867,5.326874,128.6964,134.7557,25.41902,26.22336,11.53603062,7.8,2029.680474,2149.633182,96,98
France,0.6146837,0.8292216,0.730176,7.538716,5.43699,5.508677,122.8281,132.442,24.72699,25.49014,15.91056798,10.6,2489.203158,2922.640204,86,97
Gabon,5.599558,5.820488,6.95256,5.149407,4.942365,4.730976,132.3095,134.671,24.91982,23.62414,4.51573997,3.2,122.283802,380.8558093,55,45
Gambia,6.144121,6.680369,6.587919,5.190156,4.303299,3.974587,129.5809,132.2955,23.63134,21.07306,8.66303012,5.9,15.76195642,60.34613579,90,87
Georgia,1.524614,1.186092,0.9184131,0.2372586,4.71538,4.575564,130.9868,134.759,25.77232,24.79837,7.77349921,8.7,64.03320887,212.292857,78,84
Germany,0.4332326,0.5902155,0.6664206,4.398823,5.593814,5.716166,128.0019,135.5652,25.57631,26.78618,17.68069019,10.7,2610.346182,2944.794336,94,96
Ghana,5.66535,6.018633,5.766388,4.761881,4.238891,3.881479,128.9192,129.2149,23.47061,22.2469,9.04505607,4.8,14.57878352,48.37029034,78,78
Greece,0.6365197,2.805215,2.439875,3.39626,4.970351,5.048384,124.3581,128.7501,24.73157,25.82012,11.70306172,9.1,1220.569878,1965.108196,92,92
Grenada,1.49318,12.13399,6.075341,5.388952,4.733323,4.50842,125.0969,129.8161,26.54267,24.64323,9.70554926,6.6,353.6918608,536.6913421,96,98
Guatemala,0.2805381,1.359056,0.522908,7.328953,4.56032,4.301003,120.3851,124.8531,25.94954,24.80671,15.16057553,6.2,109.0178147,216.5212884,92,82
Guinea,6.687784,7.686021,8.118891,5.983692,4.222444,3.916545,131.2604,130.9569,21.94696,22.03964,6.05310341,6,21.43139054,51.06979306,46,54
Guinea-Bissau,5.627008,6.642478,6.21892,4.744575,4.170127,3.899176,129.6245,130.4335,22.44935,21.45472,7.67473981,7,10.97857786,65.72078142,73,57
Guyana,0.8390428,4.712037,0.5045692,16.48476,4.443061,4.173035,124.0295,127.0816,25.90456,23.46826,10.74152521,5.7,56.26579087,135.4471634,93,91
Haiti,2.197104,0.1334468,0.3348967,3.559812,4.373766,4.111091,124.3388,127.4584,22.67272,23.27578,10.81268611,5.2,18.88228631,52.50198608,57,53
Honduras,0.6900219,3.571065,0.8143135,1.290347,4.593344,4.361114,122.2106,126.2933,25.97615,24.62025,19.19236449,6.1,73.68115665,165.2693034,97,95
Hungary,1.286969,2.087842,0.7012736,17.53149,5.189877,5.151733,129.7824,136.2722,25.59566,26.48809,10.34789191,7.6,496.1277381,1113.729476,99,99
Iceland,0.5424856,0.8430374,3.027951,3.384483,5.658249,5.758915,120.6813,129.8076,25.50528,26.50299,19.35174194,10.4,3228.474069,3239.786538,91,95
India,15.09563,6.93401,9.291405,12.60013,4.547826,4.487415,124.2951,125.026,21.03814,20.83562,3.08554803,4.5,21.05781072,75.38787464,56,58
Indonesia,6.520606,5.108331,4.26468,8.662262,4.622888,4.499772,126.4575,127.9824,22.40431,21.29583,4.73398984,2.2,19.97728503,57.02067698,72,70
Iran,10.25187,3.29368,3.556901,8.719461,5.216626,4.977045,125.5227,126.6903,26.13108,24.96062,9.56639959,5.1,101.8146498,382.0849112,99,99
Iraq,9.375947,5.409573,5.091568,8.205505,4.916117,4.845733,126.3037,126.5781,27.93361,26.41797,0.1,1.1,9.5306084,28.78216843,80,73
Ireland,1.096784,1.425918,0.8019557,6.802936,5.426795,5.54975,126.107,135.7947,26.19135,27.17342,16.04958483,7,2206.034851,2334.920507,73,83
Israel,0.4668932,0.2460507,0.2414667,1.379587,5.303616,5.193964,123.6205,127.3304,26.72752,26.49152,9.62702367,7.8,1337.657527,1830.254918,98,97
Italy,0.347624,0.5035728,0.3693565,6.86275,5.27189,5.275505,125.5278,131.8416,24.76686,26.05786,13.11617322,8.3,1778.171991,2234.854594,81,93
Jamaica,0.89485,1.653257,0.4594249,1.715075,4.742052,4.505454,124.9047,128.9684,26.64816,23.48137,5.86782627,4.9,179.7170818,296.1665967,86,98
Japan,0.7657017,2.678272,0.3964646,2.618268,5.197184,5.184811,123.9938,130.971,21.92321,23.19359,16.71088561,8,2453.539165,2139.774446,98,96
Jordan,1.816888,1.006203,0.7871578,4.722551,5.21362,5.036953,123.1612,124.6981,29.10914,26.89672,11.17276233,9.7,186.2762752,343.434194,95,95
Kazakhstan,4.804207,9.682122,59.82998,3.243732,4.930286,4.838248,129.2861,133.5181,25.82716,25.31124,8.75089906,3.6,59.8259656,224.2985505,95,95
Kenya,4.647214,4.384716,4.086071,3.963776,4.405716,4.306569,127.8673,129.4686,22.62218,21.24814,7.96678493,4.5,18.12122624,53.13666666,78,84
Kiribati,0,0,0,0,4.679334,4.526916,121.1155,127.5551,30.05359,28.32844,5.75353535,8.8,74.75724802,189.1217208,88,77
Kuwait,1.473193,0.6869304,0.5195457,2.133363,5.345846,5.275113,125.9623,128.3063,30.34041,28.26425,6.94734957,3.6,656.721671,1003.777869,97,99
Latvia,7.636865,13.6144,13.55055,13.21245,5.220083,5.128373,130.2153,135.6879,25.15152,25.67228,9.11084044,6.2,248.1673128,614.6041565,98,97
Lebanon,6.748635,3.415046,3.528095,5.83998,4.99548,4.762278,129.0933,127.8966,27.12636,26.58461,10.69018124,8.6,426.9104313,711.7494331,59,77
Lesotho,4.871619,8.700027,6.760558,4.016922,4.260839,4.084342,129.5081,129.675,26.32388,21.22586,7.24883813,7.1,22.5691039,73.52896222,78,84
Liberia,8.769966,12.45724,10.93209,6.895104,4.176063,3.858247,130.2577,130.9844,22.69692,21.71408,7.17299588,4.8,8.90498635,21.2713586,52,39
Libya,3.855423,2.277858,2.164599,3.422505,4.838883,4.722425,132.6075,132.8741,28.51032,26.05284,8.09111071,4.9,182.0256853,527.4885343,91,93
Lithuania,4.262231,12.48101,17.27364,11.09042,5.293031,5.171875,131.5597,135.9676,25.74912,26.15035,13.86026751,6.4,262.4988489,679.5041113,98,95
Luxembourg,0.7470686,0.5700158,4.691525,5.850252,5.558764,5.678827,125.0767,132.4368,25.76499,26.8421,17.01899916,8.3,4182.41167,4756.10378,91,98
"Macedonia, FYR",0.5409857,1.203615,0.7766075,3.306002,4.937957,4.841129,130.517,133.3158,25.16624,25.85252,13.45024103,9.4,175.0911952,565.0403971,98,96
Madagascar,6.18897,7.657578,6.716616,5.096874,4.356253,4.238943,130.8052,131.8243,20.65751,21.18056,13.16844286,3.8,10.35883556,27.89429905,58,61
Malawi,4.799733,19.08426,1.001555,3.980167,4.331791,4.200094,130.9474,132.5868,22.25219,21.51781,12.96215697,4.8,10.86170165,27.18339772,69,64
Malaysia,0.3987345,3.440241,0.8457006,4.748957,5.06707,4.963492,124.6766,126.736,24.86649,24.0888,8.01921186,3.6,149.3365576,345.4388168,92,96
Maldives,5.913028,4.448281,4.839902,9.592298,4.80615,4.577965,123.2035,126.9671,25.55654,22.48262,10.16905656,5.2,151.0795592,226.1175368,97,98
Mali,7.149033,14.29486,8.923428,5.500837,4.195883,3.961812,127.2195,126.5738,21.94506,21.23538,10.09534884,6.3,16.78542909,46.29222082,56,61
Malta,0.2681992,2.162102,1.70088,6.727343,5.341468,5.424448,126.6886,132.3861,26.88186,27.24103,13.26367082,8.1,838.7862382,1568.161992,65,95
Marshall Islands,6.242098,8.666203,5.902023,0.0893605,4.993848,4.830083,121.4017,126.7459,30.14378,28.3954,17.33077757,18.3,418.6319671,301.1740771,80,80
Mauritania,7.156045,9.414054,8.572767,5.956443,4.372733,4.158672,129.162,130.9867,25.43653,22.12388,10.5017503,6,24.36051865,73.93564448,81,83
Mauritius,3.139812,2.955359,0.1813333,2.654331,4.934729,4.913511,130.6751,133.1597,25.57969,24.47135,9.341391,4.2,165.4032565,363.7076565,84,88
Mexico,0.7766099,2.726987,1.012183,3.090917,5.003826,4.893992,122.6993,125.4426,27.97481,26.84663,15.67847943,5.6,395.8745849,583.8394642,96,97
"Micronesia, Fed. Sts.",4.617653,5.982942,3.376587,0.093911,4.943106,4.942969,124.4352,131.4297,30.2401,27.42871,12.49504755,8.1,176.5635808,225.9912909,88,84
Moldova,2.581955,8.755372,11.33592,4.481233,4.732658,4.596791,129.5345,132.2157,26.45503,23.87107,11.79958571,8.1,37.00297429,141.4823341,94,97
Mongolia,2.587343,5.748395,3.152557,7.567759,4.831112,4.739103,128.8302,134.9087,25.20751,24.12177,10.69555356,6,27.34339421,103.5585136,98,98
Morocco,2.633208,3.294953,2.263433,3.297315,4.749074,4.592728,126.6631,126.3062,25.65263,25.05147,5.03514974,5.3,72.83999862,156.5173378,94,94
Mozambique,3.385024,3.566629,2.767007,3.546353,4.385706,4.277095,133.2081,134.7484,22.44782,21.28235,15.53208373,6,13.06759525,32.13854659,77,76
Myanmar,8.887257,7.005801,5.072268,9.722318,4.393833,4.222789,121.8968,123.6783,21.5815,20.67094,1.46557188,2.4,3.0195901,20.26740212,77,79
Namibia,4.397063,2.276733,0.9430438,3.710479,4.592049,4.448348,132.2566,134.5155,24.39392,21.84144,11.09028379,6.2,105.0298864,259.7406343,68,77
Nauru,10.78315,18.1276,1.480165,23.38896,5.060301,4.847719,127.9003,133.2462,33.61334,32.70215,18.21428571,12.3,344.7744373,503.6340478,39,80
Nepal,9.619262,7.033643,5.702773,9.775215,4.342687,4.24465,124.8058,124.9196,20.16195,20.70203,8.90620192,5.5,502.7477099,45.94844982,71,72
Netherlands,0.3378218,0.6822001,0.5986739,2.641691,5.389425,5.477932,123.8227,131.9032,25.11372,25.45318,11.9896725,8.9,2405.068301,2833.33759,95,97
New Zealand,0.6015118,1.778913,0.2222593,4.205973,5.380087,5.354436,121.1642,128.4176,26.72162,26.9948,17.02631902,8,1244.18121,1831.331618,84,90
Nicaragua,0.6244723,4.354413,1.003529,0.3473513,4.589401,4.381254,122.9739,127.1194,26.78785,25.26476,18.76793846,7.4,57.19065976,147.2405523,98,85
Niger,7.812265,16.07558,9.946828,6.301385,4.089284,3.852942,132.2249,136.1844,21.47314,20.89746,9.88645573,3.8,6.88367406,21.01801921,41,39
Nigeria,6.928142,20.27499,8.717734,5.606611,4.110205,3.73375,134.2376,130.5772,23.24367,22.37732,3.11285416,3.9,17.8047441,52.78825541,30,25
Norway,0.9678244,1.207333,1.122092,8.234253,5.410416,5.49593,127.886,135.1163,25.32467,26.28499,17.36921669,9.8,4140.058432,3627.776036,87,93
Oman,0.8300055,3.681611,0.868745,3.362102,5.110034,4.989669,128.2915,129.4204,26.41259,25.58856,6.99464249,3.2,277.7094179,749.6850027,99,99
Pakistan,12.91973,5.832091,6.721104,12.92274,4.591925,4.521875,126.2059,125.6497,23.07639,22.06815,2.86194076,3,14.78646255,51.29170925,63,68
Palau,3.456972,4.911313,3.787551,0.0326177,5.134156,5.119365,125.2672,130.8117,30.52967,29.2188,12.56625,10.4,635.3579239,1152.801898,99,99
Panama,0.6383528,4.928115,0.4324866,4.00434,4.912917,4.736033,123.0864,128.5271,26.76206,25.5437,10.91469088,8,321.0688131,595.6619375,95,99
Papua New Guinea,9.069076,7.282183,5.651526,10.1018,4.705356,4.637928,118.3149,122.0825,24.85481,24.50827,11.39278017,4.5,24.06136294,77.49538602,61,61
Paraguay,1.760692,2.598834,0.3834566,1.011129,4.846562,4.714108,123.7607,129.4565,25.36778,24.99871,14.10788586,8.7,78.44909456,296.210991,86,87
Peru,1.267182,5.245844,0.7833122,0.6533876,4.82459,4.729167,120.7746,125.2429,25.84887,24.27281,16.0072864,4.8,102.8142721,251.723106,95,95
Philippines,0.1991602,4.425923,0.4584707,3.922125,4.85752,4.685691,122.4797,125.7407,23.00286,22.51297,5.94065491,2.8,28.16312659,70.92003161,82,79
Poland,0.9212311,2.707954,3.674125,7.350277,5.206347,5.273796,130.0524,133.8972,25.7373,26.10348,10.18839875,6.3,328.4688967,732.688083,98,99
Portugal,0.866878,0.33266,0.591529,4.268473,5.236896,5.255559,129.172,135.1309,25.9666,26.23559,14.94990816,9.3,1185.939376,1779.587837,93,98
Qatar,0,2.096345,0,1.150084,5.287628,5.200212,128.5114,130.68,28.3007,27.26179,6.11862022,2.8,873.9796816,2027.895908,99,96
Romania,1.814759,5.309081,4.841755,5.553517,4.968129,4.934442,129.3499,132.8372,24.94229,24.79496,10.77689112,5.7,119.3988996,398.4650727,98,98
Russia,7.936697,11.8665,39.63874,9.340448,5.144249,4.94323,128.4137,131.082,26.62801,25.17367,11.22308077,6,142.0484925,480.1860276,98,96
Rwanda,5.363191,17.66471,1.269018,4.290508,4.285954,4.052908,132.8907,133.4516,21.56031,22.00366,9.08360711,4.2,8.05469852,29.09480464,69,88
Samoa,4.464847,5.220551,3.713776,0.0459309,4.617674,4.497138,124.9739,131.3581,32.11163,29.34069,19.49564365,5.52869249,81.77659497,172.330118,99,96
Sao Tome and Principe,4.213184,2.303988,0.8380424,3.593869,4.284854,3.959525,134.3387,134.9578,23.95324,22.75203,9.1381642,9.86959833,58.68796333,108.4958083,85,92
Saudi Arabia,0.6874245,6.62988,1.431506,6.548616,4.991571,4.791471,127.3608,128.357,28.75728,27.19191,9.35717345,4.29718242,377.503749,756.3765556,97,95
Senegal,6.452428,6.626352,7.853686,5.054834,4.330656,4.08872,129.346,130.9783,23.53851,21.44909,9.687938,5.06424157,26.94947408,71.03177922,54,60
Seychelles,0.9147387,17.84135,0,1.094875,5.305575,5.251868,129.5054,135.5965,27.34049,24.82301,6.77179963,4.38333417,379.1487563,733.0578104,98,99
Sierra Leone,9.818634,16.06741,15.18214,8.029929,4.110871,3.809566,133.424,132.701,22.99407,21.96438,7.53364654,14.8586967,30.86195883,80.4338636,62,53
Singapore,0.1512431,0.4237915,0.1043679,3.900983,4.835357,5.109623,123.2673,128.0825,23.23321,23.78492,5.62662824,2.88423073,648.1996944,1018.669756,94,94
Slovak Republic,0.4714929,2.99772,2.611768,7.18152,5.177031,5.137808,130.4114,135.4213,26.10618,26.43238,11.12686842,5.62930119,256.03033,729.8825834,99,99
Slovenia,0.5829703,1.216012,1.525272,11.50085,5.274947,5.25207,130.9412,136.3886,26.39933,26.87825,13.68913648,8.62002958,999.6642132,1703.214729,93,93
Solomon Islands,4.081434,6.155058,2.97896,0.1221166,4.660989,4.489866,122.7114,125.1272,27.87472,26.55288,19.91099243,9.1706722,48.03735482,107.0959195,67,71
Somalia,6.203382,5.91463,2.095045,4.389216,4.362204,4.220293,129.8451,131.2334,22.18624,21.6351,10.84110853,6.292250719,502.7477099,688.9066451,45,40
South Africa,5.275811,2.831743,1.323733,4.493975,4.563033,4.42983,130.0713,131.6052,28.50839,25.01756,11.52721692,8.72038817,210.5423878,625.105259,65,70
Spain,0.3700893,1.194185,1.455005,2.119295,5.19105,5.313991,123.514,130.2692,26.07576,26.835,13.28496058,7.25041069,1204.473332,1745.044544,97,98
Sri Lanka,1.577134,4.779348,1.090028,3.83734,4.627639,4.471319,124.3827,127.3449,22.71949,21.56997,6.7011921,3.81825105,34.12795138,108.0219561,99,98
Sudan,4.880966,4.924545,2.067703,3.940754,4.520633,4.461005,128.1803,131.1555,22.50693,21.75247,7.69027833,3.58005233,14.96967666,49.18832497,58,60
Suriname,1.772964,10.07103,0,9.670567,4.742089,4.530742,124.5842,128.2185,26.92424,24.77476,11.22754491,7.1421666,160.6219275,347.9672956,73,73
Swaziland,4.797276,7.554778,4.644091,2.761676,4.571466,4.41838,130.7529,132.71,27.73696,22.48246,9.87711916,5.31636578,57.6481106,202.5336317,92,90
Sweden,0.697188,1.045261,2.305253,2.481098,5.18503,5.31762,125.0731,132.6917,24.99897,25.89779,13.51521642,9.22815647,2594.846375,2701.798762,95,99
Switzerland,0.326187,0.8517751,0.1347048,5.883059,5.349241,5.41266,121.6552,130.8682,24.04547,25.89402,17.42348297,10.91254262,4140.599205,3643.78885,82,93
Syria,3.510004,1.724574,1.090666,1.273022,4.885778,4.717328,127.6258,127.8332,28.23422,26.41778,6.48925752,4.94246813,57.28218237,172.401769,84,84
Tajikistan,1.538822,4.360607,3.565241,1.154919,4.386023,4.206226,128.7498,130.757,23.38196,23.33256,5.63566933,4.4802285,8.70280153,47.20252159,89,85
Tanzania,4.848667,11.30651,9.041296,4.008013,4.250212,4.068414,128.5271,128.8473,22.5268,21.96421,10.91115495,3.4233561,10.32342591,28.70003648,89,89
Thailand,0.6505961,4.966814,0.7524692,5.23597,5.039856,4.899475,120.5435,123.8858,23.9693,22.60467,9.31891614,3.70009891,72.62326312,196.9609901,94,96
Timor-Leste,9.119412,7.999894,5.957623,10.55452,4.422486,4.267606,121.7147,124.8872,21.26846,20.61505,41.19201521,10.55860612,33.77663977,69.96144191,56,54
Togo,6.543854,7.91406,7.253082,5.389999,4.169999,3.886154,129.8265,131.2482,22.07173,21.51224,6.9022832,5.11494962,14.13123416,38.2423521,48,59
Tonga,3.612605,3.92946,2.788512,0.0309489,4.861333,5.029159,124.693,129.7242,32.90918,30.10416,11.82744805,5.05624055,92.32524331,191.1831838,90,90
Trinidad and Tobago,0.7150832,4.684053,0.3437237,3.835178,4.756425,4.582133,124.3713,129.0252,27.50818,25.685,8.83642931,4.78450879,331.1226452,683.9231502,87,96
Tunisia,4.839368,3.023738,2.919016,4.751326,4.830195,4.567758,129.5677,128.5166,27.26516,24.41337,8.06899221,5.84987307,127.776707,310.6369999,94,96
Turkey,0.9746662,0.959766,0.8118776,1.675977,4.855077,4.741371,126.0769,125.2408,27.89841,25.92331,9.07152001,5.3567135,187.73602,464.2682185,83,78
Turkmenistan,8.446925,7.036347,4.095779,2.024848,4.662016,4.527368,128.9949,131.6795,24.04933,24.49745,13.47051329,3.47745358,65.76792971,101.5214235,88,98
Uganda,5.111846,7.547772,10.2038,4.178698,4.288926,4.027256,132.7281,133.1009,21.9589,22.04069,9.69123647,7.53527143,17.62924501,57.68425454,62,57
Ukraine,3.837267,10.13841,29.58581,5.370097,4.949708,4.82475,131.2511,135.387,25.7026,24.77167,9.35146665,6.25349386,55.19271885,250.4471077,99,99
United Arab Emirates,2.339252,6.081578,0.3422347,3.707171,5.349833,5.246006,123.2669,128.0473,28.98793,27.27616,7.98061949,2.71758452,916.8143273,1084.058631,94,94
United Kingdom,0.6323395,0.4009245,1.952334,4.474754,5.45187,5.509975,127.7889,133.91,26.431,26.83783,14.68143416,7.56110606,2054.226488,2183.822909,85,91
United States,1.124378,1.347872,4.318336,3.064667,5.286608,5.234855,119.7817,123.9171,27.75614,27.90479,18.21412786,14.82363067,5452.996081,5452.996081,91,94
Uruguay,1.170222,3.78133,0.8641141,0.657182,5.001928,5.000945,124.619,131.6076,25.88269,25.96627,16.05667285,8.24109937,337.201986,642.4322671,95,95
Uzbekistan,1.883641,4.301025,2.627993,1.284248,4.509519,4.34006,123.7023,126.8317,24.86573,24.83998,6.26021256,5.52413304,21.10805189,87.79001956,97,99
Vanuatu,4.166044,5.576567,3.497464,0.0733076,4.725305,4.640861,130.6318,133.6033,27.23672,26.05661,12.63777706,3.86017801,51.92558798,118.202141,58,70
Venezuela,0.4097056,2.482172,0.4267504,5.330313,4.802348,4.575253,124.9664,131.8244,27.32819,26.7921,7.56135258,5.65358913,207.782994,451.5493278,83,65
Vietnam,4.761925,5.388711,4.324789,8.69049,4.565701,4.448647,121.4875,125.2282,20.47612,20.27145,5.66388656,5.14058145,22.39111689,83.50301315,96,75
Zambia,3.291871,6.452204,4.346364,3.54413,4.455595,4.331329,129.7063,130.9721,22.45268,20.24298,13.6056426,6.62989696,23.03959993,64.95458479,84,84
Zimbabwe,3.509604,6.349378,5.711973,4.323385,4.40654,4.222207,130.9397,130.5144,24.65855,21.79645,10.84110853,6.292250719,502.7477099,688.9066451,72,73